Record Verification: 2025-[REMOVED: 11][ADDED: 12]

Last Update Submitted that Met QC Criteria: 2025-[REMOVED: 11][ADDED: 12]-[REMOVED: 19][ADDED: 15]

Last Update Posted: 2025-[REMOVED: 11][ADDED: 12]-[REMOVED: 28][ADDED: 17] [Estimated]

Location: [REMOVED: Houston, Texas, United States, 77065Facility:DM Clinical - CyFair][REMOVED: Houston, Texas, United States, 77065][REMOVED: DM Clinical - CyFair][REMOVED: San Antonio, Texas, United States, 78207Facility:DM Clinical - CyFair][REMOVED: San Antonio, Texas, United States, 78207][REMOVED: DM Clinical - CyFair][REMOVED: Ẕerifin, Israel, 7033001Facility:Shamir MC - Cardio and Pedi][REMOVED: Ẕerifin, Israel, 7033001][REMOVED: Shamir MC - Cardio and Pedi][ADDED: Jacksonville, Florida, United States, 32216Facility:Jacksonville Ctr for Clin Res][ADDED: Jacksonville, Florida, United States, 32216][ADDED: Jacksonville Ctr for Clin Res][ADDED: Houston, Texas, United States, 77065Facility:DM Clinical][ADDED: Houston, Texas, United States, 77065][ADDED: DM Clinical][ADDED: San Antonio, Texas, United States, 78207Facility:DM Clinical][ADDED: San Antonio, Texas, United States, 78207][ADDED: DM Clinical][ADDED: San Antonio, Texas, United States, 78215Facility:The Texas Liver Institute][ADDED: San Antonio, Texas, United States, 78215][ADDED: The Texas Liver Institute][ADDED: Ẕerifin, Israel, 7033001Facility:Shamir MC - Pediatric and Adolescents Endocrinology unit][ADDED: Ẕerifin, Israel, 7033001][ADDED: Shamir MC - Pediatric and Adolescents Endocrinology unit][ADDED: Kampung Baru, Kuala Lumpur, Malaysia, 50300Facility:Hospital Tunku Azizah][ADDED: Kampung Baru, Kuala Lumpur, Malaysia, 50300][ADDED: Hospital Tunku Azizah][ADDED: Lembah Pantai, Kuala Lumpur, Malaysia, 59100Facility:University Malaya Medical Centre][ADDED: Lembah Pantai, Kuala Lumpur, Malaysia, 59100][ADDED: University Malaya Medical Centre][ADDED: Sibu, Sarawak, Malaysia, 96000Facility:Hospital Sibu][ADDED: Sibu, Sarawak, Malaysia, 96000][ADDED: Hospital Sibu][ADDED: Bangkok, Thailand, 10300Facility:King Chulalongkorn Memorial Hospital_Ped-Nutrition][ADDED: Bangkok, Thailand, 10300][ADDED: King Chulalongkorn Memorial Hospital_Ped-Nutrition][ADDED: Pathum Thani, Thailand, 12120Facility:Thammasat Hospital_CRC][ADDED: Pathum Thani, Thailand, 12120][ADDED: Thammasat Hospital_CRC]Escondido, California, United States, 92025Facility:Neighborhood HealthcareHollywood, Florida, United States, 33024Facility:Encore Medical Research LLCWeston, Florida, United States, 33331Facility:Encore Medical Research of WestonAtlanta, Georgia, United States, 30329Facility:Children's Healthcare AtlantaColumbus, Georgia, United States, 31904Facility:Columbus Research FoundationDecatur, Georgia, United States, 30030Facility:Accel Research Sites-NeuroStudiesSnellville, Georgia, United States, 30078Facility:Eastside Bariatric and Gen SurgMeridian, Idaho, United States, 83646Facility:Solaris Clinical ResearchIndianapolis, Indiana, United States, 46202Facility:IU Health - Riley Physicians Endo-DiabTopeka, Kansas, United States, 66606Facility:Cotton O'Neil Clinical Research CenterBaton Rouge, Louisiana, United States, 70808-4124Facility:Pennington Biomed Res CtrBaltimore, Maryland, United States, 21229Facility:Barry J. Reiner, MD LLCMinneapolis, Minnesota, United States, 55455Facility:University of MinnesotaRichfield, Minnesota, United States, 55423Facility:AES Minneapolis DRSBuffalo, New York, United States, 15203Facility:UBMD Physicians Group - Pediatrics - ConventusSyracuse, New York, United States, 13210Facility:SUNY Upstate Medical Univ - SyracuseThe Bronx, New York, United States, 10467Facility:Jerome Med/Ped CtrFargo, North Dakota, United States, 58104Facility:Valley Weight Loss ClinicColumbus, Ohio, United States, 43213Facility:Centricity Research - OhioDayton, Ohio, United States, 45429Facility:PriMed Clinical ResearchOklahoma City, Oklahoma, United States, 73104Facility:Children's Physicians OUPittsburgh, Pennsylvania, United States, 15224Facility:UPMC Child Hosp-PittsburghGreenville, South Carolina, United States, 29615Facility:Prisma Health-Ped EndoNorth Charleston, South Carolina, United States, 29405Facility:Coastal Carolina Research CtrRapid City, South Dakota, United States, 57701Facility:Monument Health Clinical RsrchMemphis, Tennessee, United States, 38115Facility:LifeDoc HealthShavano Park, Texas, United States, 78231Facility:Consano Clin Res-Shavano ParkWeslaco, Texas, United States, 78596Facility:Texas Valley Clinical ResearchSyracuse, Utah, United States, 84075Facility:Wee Care PediatricsWestmead, New South Wales, Australia, 2145Facility:Westmead Children's Hospital- The Clinical Research CentreSouth Brisbane, Queensland, Australia, 4101Facility:Queensland Children's HospitalNedlands, Western Australia, Australia, 6009Facility:Perth Children's' HospitalInnsbruck, Austria, 6020Facility:Universitätsklinik Kinder-Jugendheilkunde InnsbruckSalzburg, Austria, 5020Facility:Universitätsklinik für Kinder und Jugendheilkunde Haus EBrussels, Belgium, 1090Facility:UZ Brussel - Universitair Ziekenhuis BrusselEdegem, Belgium, 2650Facility:UZA - UZ Antwerpen - KinderziekenhuisPlovdiv, Bulgaria, 4002Facility:UMHAT Sveti Georgi EAD, Plovdiv, Clinic of PediatricsSofia, Bulgaria, 1606Facility:SHATPD - Prof. Ivan Mitev EADSofia, Bulgaria, 1618Facility:Medical center Children's Health EOODVarna, Bulgaria, 9010Facility:MHAT "Sveta Marina"Beijing, Beijing Municipality, China, 100020Facility:Capital Center for Children's Health, Capital Medical UniversityBeijing, Beijing Municipality, China, 100045Facility:Beijing Children's Hospital, Capital Medical UniversityZhengzhou, Henan, China, 450018Facility:Henan Children's Hospital Zhengzhou Children's HospitalWuhan, Hubei, China, 430019Facility:Wuhan Children HospitalWuhan, Hubei, China, 430022Facility:Union Hospital Tongji Medical College Huazhong University of Science and TechnologyChangchun, Jilin, China, 130021Facility:The First Bethune Hospital of Jilin University-PediatricShanghai, Shanghai Municipality, China, 201102Facility:Children's Hospital of Fudan UniversityChengdu, Sichuan, China, 610031Facility:Chengdu Women's and Children's Central HospitalMedellín, Antioquia, Colombia, 05001Facility:Servicios de Salud Ips Suramericana S.A.S.Bogotá, Colombia, 110111Facility:Fundación Santa Fe de BogotáRijeka, Croatia, 51 000Facility:Clinical Hospital Centre RijekaZagreb, Croatia, 10 000Facility:KBC "Sestre Milosrdnice"Zagreb, Croatia, 10000Facility:Klinika Za Djecje Bolesti Zagreb_Pediatric departmentAalborg, Denmark, 9000Facility:Aalborg Universitetshospital - Børne og UngeafdelingenHolbæk, Denmark, 4300Facility:Holbæk Sygehus - Børne- og UngeafdelingenBudapest, Hungary, 1023Facility:Észak-Közép-budai Centrum, Szent János Kórház és SzakrendelőBudapest, Hungary, 1083Facility:Semmelweis Egyetem ÁOKSzeged, Hungary, 6720Facility:Szegedi Tudományegyetem Gyermekgyógyászati KlinikaHaifa, Israel, 31096Facility:Rambam MC - Department of Pediatrics APetah Tikva, Israel, 49202Facility:Schneider MC - Endrocrinology and DiabetesMilan, Lombardy, Italy, 20122Facility:Fondazione IRCCS Ca Granda Ospedale Maggiore Policlinico - UO EndocrinologiaNovara, Piedmont, Italy, 28100Facility:AOU Maggiore della Carità di Novara - Dipartimento Interaziendale Strutturale Materno Infantile - SCDU PediatriaTrieste, Italy, 34137Facility:IRCCS materno infantile Burlo Garofolo - Clinica PediatricaVerona, Italy, 37126Facility:Azienda Ospedaliera Universitaria Integrata Verona - Ospedale Civile Maggiore Borgo TrentoMonterrey, Nuevo León, Mexico, 64060Facility:CHRISTUS - Latam Hub Excellence and Innovation CenterMonterrey, Nuevo León, Mexico, 64310Facility:IECSI Centro de Investigación ClínicaPuebla City, Mexico, 72190Facility:Consultorio de Endocrinología y Pediatría's-Hertogenbosch, Netherlands, 5223 GZFacility:Jeroen Bosch ZiekenhuisAmersfoort, Netherlands, 3813 TZFacility:Meander Medisch CentrumDziekanów Leśny, Poland, 05-092Facility:Samodzielny Zespół Publicznych Zakładów Opieki Zdrowotnej im. Dzieci Warszawy w Dziekanowie LeśnymOpole, Poland, 45-401Facility:Uniwersytecki Szpital Kliniczny w OpoluRzeszów, Poland, 35-301Facility:Kliniczny Szpital Wojewodzki nr 2 im. Sw. Jadwigi Krolowej w RzeszowieZabrze, Poland, 41-800Facility:Samodzielny Publiczny Szpital Kliniczny Nr 1 im. Prof. SzyszkoPorto, Portugal, 4050-342Facility:Unidade Local de Saúde de Santo António, E.P.EPorto, Portugal, 4100-180Facility:Hospital CUF Porto S.A.Vila Nova de Gaia, Portugal, 4434-502Facility:Unidade Local De Saude De Gaia/Espinho E.P.E.Baia Mare, Romania, 430031Facility:Spitalul Judetean de Urgenta Dr. Constantin Opris Baia MareBucharest, Romania, 010073Facility:Kilostop Junior SRLBucharest, Romania, 041451Facility:Spitalul Clinic de Urgenta pentru Copii "M.S.Curie"Timișoara, Romania, 300226Facility:Spitalul Clinic Judetean De Urgenta Pius Brinzeu TimisoaraBelgrade, Serbia, 11000Facility:University Children's Hospital TirsovaBelgrade, Serbia, 11070Facility:Institute for Mother and Child Health Care of SerbiaNovi Sad, Serbia, 21000Facility:Institute for Health Care of Children and AdolescentsBratislava, Slovakia, 833 40Facility:Narodny Ustav Detskych ChorobKošice, Slovakia, 040 01Facility:Detska Fakultna nemocnica KosiceĽubochňa, Slovakia, 03491Facility:Narodny Endokrinologicky a diabetologicky ustavBarcelona, Spain, 08035Facility:Hospital Vall d'Hebrón_Endocrinología pediatrícaEsplugues de Llobregat, Spain, 08950Facility:Hospital Sant Joan de DéuSeville, Spain, 41013Facility:Hospital Universitario Virgen del RocíoUmeå, Sweden, 907 37Facility:Barn och ungdomscentrum VästerbottenUppsala, Sweden, 75185Facility:Uppsala universitetssjukhusBirmingham, United Kingdom, B4 6NHFacility:Birmingham Children's HospitalLiverpool, United Kingdom, L12 2APFacility:Alder Hey Children's HospitalLondon, United Kingdom, NW1 1BUFacility:University College London Hospital